"order_id","member_id","book_id","order_date","quantity","order_status"
"1","35","145","2024-11-05","1","Returned"
"2","44","105","2024-12-17","3","Delivered"
"3","65","251","2024-05-08","1","Delivered"
"4","55","425","2024-05-21","1","Delivered"
"5","43","395","2024-03-07","3","Delivered"
"6","21","380","2024-08-14","3","Returned"
"7","55","288","2024-01-05","1","Delivered"
"8","20","280","2024-01-19","2","Cancelled"
"9","71","76","2024-08-08","1","Delivered"
"10","40","187","2024-01-21","2","Delivered"
"11","32","342","2024-02-22","2","Cancelled"
"12","53","499","2024-11-13","3","Delivered"
"13","31","443","2024-03-24","1","Delivered"
"14","4","92","2024-06-19","2","Returned"
"15","32","137","2024-03-22","3","Delivered"
"16","49","447","2024-01-20","2","Delivered"
"17","26","419","2024-08-23","2","Delivered"
"18","30","115","2024-01-13","3","Delivered"
"19","52","169","2024-05-22","1","Delivered"
"20","45","329","2024-09-17","2","Returned"
"21","69","170","2024-01-15","1","Delivered"
"22","23","298","2024-05-15","1","Delivered"
"23","77","223","2024-06-25","3","Delivered"
"24","56","311","2024-09-18","1","Delivered"
"25","74","98","2024-05-10","1","Returned"
"26","56","1","2024-09-23","3","Returned"
"27","26","187","2024-08-08","1","Returned"
"28","43","320","2024-06-09","3","Delivered"
"29","39","260","2024-06-07","3","Delivered"
"30","42","207","2024-12-22","2","Cancelled"
"31","17","99","2024-08-03","3","Delivered"
"32","23","316","2024-10-18","2","Delivered"
"33","71","427","2024-01-01","2","Delivered"
"34","27","221","2024-10-23","3","Returned"
"35","42","239","2024-08-14","2","Returned"
"36","28","262","2024-08-30","3","Delivered"
"37","11","146","2024-09-20","3","Returned"
"38","80","172","2024-02-17","1","Returned"
"39","40","116","2024-04-11","1","Delivered"
"40","6","126","2024-08-31","3","Delivered"
"41","59","213","2024-11-18","3","Delivered"
"42","50","254","2024-07-23","1","Delivered"
"43","1","458","2024-02-24","2","Delivered"
"44","23","412","2024-12-22","3","Delivered"
"45","7","286","2024-05-07","1","Delivered"
"46","18","411","2024-08-25","3","Cancelled"
"47","72","305","2024-06-11","2","Cancelled"
"48","65","219","2024-10-07","2","Delivered"
"49","61","231","2024-05-12","1","Returned"
"50","36","393","2024-09-23","2","Returned"
"51","31","141","2024-08-13","1","Returned"
"52","37","121","2024-05-19","2","Delivered"
"53","70","42","2024-03-11","1","Delivered"
"54","50","356","2024-03-19","3","Delivered"
"55","9","213","2024-07-27","2","Cancelled"
"56","60","213","2024-02-01","1","Delivered"
"57","50","464","2024-10-26","3","Delivered"
"58","74","195","2024-09-01","1","Delivered"
"59","39","386","2024-07-18","2","Cancelled"
"60","70","410","2024-11-04","1","Delivered"
"61","29","140","2024-08-11","2","Delivered"
"62","50","173","2024-12-08","3","Delivered"
"63","22","431","2024-08-27","1","Cancelled"
"64","69","14","2024-07-20","3","Cancelled"
"65","4","43","2024-11-25","2","Delivered"
"66","60","94","2024-01-26","2","Delivered"
"67","42","109","2024-08-20","2","Delivered"
"68","49","143","2024-08-03","2","Delivered"
"69","61","10","2024-10-03","1","Delivered"
"70","29","333","2024-02-05","3","Delivered"
"71","4","487","2024-05-06","1","Delivered"
"72","80","79","2024-05-02","1","Delivered"
"73","15","289","2024-04-21","2","Returned"
"74","33","393","2024-07-07","1","Cancelled"
"75","78","494","2024-02-28","1","Delivered"
"76","14","297","2024-01-14","2","Cancelled"
"77","49","204","2024-04-11","1","Cancelled"
"78","32","53","2024-12-22","2","Returned"
"79","77","413","2024-03-02","3","Delivered"
"80","45","273","2024-08-07","3","Delivered"
"81","9","260","2024-11-27","2","Delivered"
"82","54","422","2024-09-07","1","Delivered"
"83","47","326","2024-08-23","3","Delivered"
"84","56","91","2024-09-24","3","Delivered"
"85","79","414","2024-10-02","2","Delivered"
"86","56","423","2024-10-30","2","Delivered"
"87","32","426","2024-02-14","2","Delivered"
"88","32","385","2024-08-25","3","Cancelled"
"89","49","173","2024-01-15","2","Delivered"
"90","24","250","2024-04-18","2","Delivered"
"91","44","144","2024-11-01","3","Delivered"
"92","72","6","2024-09-21","1","Delivered"
"93","31","369","2024-07-27","2","Cancelled"
"94","31","354","2024-08-31","3","Returned"
"95","63","230","2024-01-09","1","Delivered"
"96","29","208","2024-12-20","1","Delivered"
"97","75","189","2024-08-30","3","Cancelled"
"98","45","218","2024-10-08","2","Delivered"
"99","59","139","2024-06-05","2","Delivered"
"100","16","370","2024-04-08","2","Delivered"
"101","69","487","2024-12-19","1","Delivered"
"102","28","379","2024-09-04","2","Returned"
"103","76","390","2024-09-25","3","Delivered"
"104","13","427","2024-04-09","2","Delivered"
"105","47","92","2024-06-03","1","Returned"
"106","69","65","2024-05-20","1","Delivered"
"107","71","150","2024-12-23","1","Returned"
"108","63","53","2024-01-07","3","Delivered"
"109","61","246","2024-08-13","2","Delivered"
"110","7","130","2024-09-01","1","Delivered"
"111","52","252","2024-02-07","3","Returned"
"112","7","78","2024-03-17","3","Delivered"
"113","11","128","2024-03-01","3","Delivered"
"114","78","306","2024-11-12","1","Cancelled"
"115","49","231","2024-08-14","2","Cancelled"
"116","55","157","2024-10-18","3","Delivered"
"117","79","492","2024-02-20","1","Returned"
"118","28","136","2024-12-04","1","Delivered"
"119","31","89","2024-10-09","1","Delivered"
"120","1","210","2024-08-18","3","Cancelled"
"121","61","150","2024-01-17","1","Delivered"
"122","37","360","2024-08-20","1","Returned"
"123","30","474","2024-05-15","3","Cancelled"
"124","26","218","2024-02-28","3","Delivered"
"125","20","466","2024-05-16","1","Delivered"
"126","8","85","2024-06-06","3","Returned"
"127","73","472","2024-05-27","2","Delivered"
"128","60","353","2024-06-04","3","Delivered"
"129","35","257","2024-10-03","2","Delivered"
"130","11","307","2024-01-21","2","Returned"
"131","42","310","2024-05-08","1","Delivered"
"132","30","493","2024-12-11","3","Cancelled"
"133","3","392","2024-12-10","2","Cancelled"
"134","6","391","2024-03-30","2","Cancelled"
"135","57","470","2024-05-22","1","Cancelled"
"136","56","326","2024-09-08","1","Delivered"
"137","45","210","2024-06-19","2","Returned"
"138","14","440","2024-03-23","2","Delivered"
"139","64","148","2024-12-05","2","Cancelled"
"140","5","233","2024-02-15","2","Delivered"
"141","42","60","2024-07-25","3","Delivered"
"142","70","237","2024-07-30","1","Delivered"
"143","67","186","2024-11-14","2","Returned"
"144","57","390","2024-01-27","1","Delivered"
"145","71","68","2024-05-27","2","Returned"
"146","63","63","2024-01-15","3","Cancelled"
"147","31","364","2024-03-22","2","Cancelled"
"148","2","283","2024-07-27","1","Delivered"
"149","15","237","2024-03-01","3","Delivered"
"150","64","478","2024-05-29","3","Returned"
"151","35","213","2024-09-04","2","Delivered"
"152","59","283","2024-03-15","2","Delivered"
"153","77","261","2024-03-10","1","Delivered"
"154","54","175","2024-09-16","2","Delivered"
"155","37","372","2024-06-01","3","Cancelled"
"156","63","444","2024-03-17","2","Cancelled"
"157","62","177","2024-06-19","3","Cancelled"
"158","49","234","2024-06-13","1","Returned"
"159","31","293","2024-07-15","1","Delivered"
"160","6","163","2024-08-30","3","Delivered"
"161","50","340","2024-11-29","1","Delivered"
"162","5","65","2024-09-14","3","Delivered"
"163","13","448","2024-08-13","1","Cancelled"
"164","59","8","2024-03-14","2","Returned"
"165","20","39","2024-08-28","2","Delivered"
"166","80","355","2024-07-22","3","Delivered"
"167","43","437","2024-12-11","3","Delivered"
"168","41","321","2024-09-06","3","Delivered"
"169","80","36","2024-04-30","3","Returned"
"170","37","117","2024-02-16","2","Delivered"
"171","13","228","2024-03-26","3","Delivered"
"172","4","24","2024-06-15","1","Delivered"
"173","46","192","2024-08-08","1","Delivered"
"174","68","211","2024-10-16","3","Delivered"
"175","22","90","2024-02-10","3","Delivered"
"176","80","350","2024-05-03","2","Cancelled"
"177","19","119","2024-08-24","3","Delivered"
"178","59","131","2024-12-07","1","Delivered"
"179","37","347","2024-10-06","1","Delivered"
"180","57","484","2024-06-25","3","Delivered"
"181","55","354","2024-05-08","2","Delivered"
"182","26","197","2024-09-04","1","Delivered"
"183","49","293","2024-07-02","3","Delivered"
"184","38","12","2024-12-03","2","Delivered"
"185","2","290","2024-12-17","3","Delivered"
"186","78","382","2024-09-11","2","Delivered"
"187","78","411","2024-06-29","1","Returned"
"188","25","318","2024-05-08","3","Returned"
"189","18","322","2024-02-19","3","Returned"
"190","6","159","2024-08-13","1","Cancelled"
"191","47","375","2024-03-08","1","Delivered"
"192","42","383","2024-07-31","1","Delivered"
"193","17","403","2024-10-03","2","Cancelled"
"194","65","468","2024-05-19","1","Delivered"
"195","62","496","2024-05-31","3","Delivered"
"196","15","240","2024-02-08","1","Delivered"
"197","51","496","2024-10-12","2","Delivered"
"198","51","8","2024-05-15","3","Delivered"
"199","59","189","2024-12-10","3","Returned"
"200","34","300","2024-07-14","3","Delivered"
"201","14","346","2024-04-29","2","Delivered"
"202","80","453","2024-10-14","2","Cancelled"
"203","29","332","2024-02-02","3","Delivered"
"204","39","333","2024-07-28","1","Delivered"
"205","6","485","2024-01-20","2","Delivered"
"206","15","50","2024-04-30","3","Delivered"
"207","50","233","2024-07-08","3","Returned"
"208","70","215","2024-10-27","3","Returned"
"209","20","454","2024-07-31","3","Delivered"
"210","63","316","2024-07-27","2","Delivered"
"211","48","112","2024-08-15","2","Delivered"
"212","47","51","2024-12-17","2","Cancelled"
"213","46","32","2024-07-22","2","Delivered"
"214","16","486","2024-08-20","1","Returned"
"215","28","329","2024-11-23","3","Delivered"
"216","7","403","2024-06-19","1","Delivered"
"217","73","106","2024-02-05","3","Delivered"
"218","76","111","2024-04-29","2","Delivered"
"219","77","2","2024-05-21","1","Delivered"
"220","70","129","2024-03-30","1","Returned"
"221","4","68","2024-01-08","2","Delivered"
"222","76","166","2024-01-09","1","Delivered"
"223","7","65","2024-08-03","3","Delivered"
"224","9","244","2024-08-17","2","Cancelled"
"225","76","56","2024-08-19","3","Delivered"
"226","79","23","2024-12-03","3","Delivered"
"227","59","330","2024-01-16","1","Delivered"
"228","52","219","2024-12-17","1","Delivered"
"229","57","38","2024-02-11","2","Cancelled"
"230","19","34","2024-03-05","2","Cancelled"
"231","75","281","2024-12-30","2","Delivered"
"232","77","272","2024-05-30","2","Cancelled"
"233","78","221","2024-02-20","3","Delivered"
"234","71","370","2024-04-20","2","Delivered"
"235","30","212","2024-06-22","2","Delivered"
"236","54","374","2024-02-18","2","Delivered"
"237","41","341","2024-05-10","2","Delivered"
"238","61","35","2024-02-16","1","Delivered"
"239","56","50","2024-07-09","1","Cancelled"
"240","8","301","2024-10-14","3","Delivered"
"241","16","211","2024-06-30","3","Delivered"
"242","7","496","2024-05-27","3","Delivered"
"243","46","54","2024-10-22","3","Delivered"
"244","20","337","2024-09-03","1","Delivered"
"245","45","433","2024-10-11","2","Delivered"
"246","36","294","2024-04-25","2","Cancelled"
"247","80","315","2024-12-11","3","Cancelled"
"248","4","312","2024-12-02","3","Delivered"
"249","4","93","2024-05-19","3","Delivered"
"250","44","180","2024-01-04","1","Delivered"
"251","73","337","2024-07-24","1","Delivered"
"252","4","47","2024-09-28","1","Delivered"
"253","54","233","2024-06-23","1","Delivered"
"254","40","370","2024-06-15","3","Cancelled"
"255","11","453","2024-01-27","1","Delivered"
"256","80","26","2024-12-11","1","Delivered"
"257","57","339","2024-08-05","2","Cancelled"
"258","57","213","2024-05-19","1","Cancelled"
"259","15","177","2024-08-08","1","Delivered"
"260","76","250","2024-09-26","3","Delivered"
"261","6","113","2024-07-21","3","Delivered"
"262","1","105","2024-06-03","1","Delivered"
"263","33","149","2024-06-16","1","Delivered"
"264","64","383","2024-08-08","1","Delivered"
"265","49","273","2024-12-26","1","Cancelled"
"266","72","427","2024-12-08","2","Delivered"
"267","51","442","2024-01-22","2","Delivered"
"268","59","472","2024-02-09","2","Cancelled"
"269","55","294","2024-07-26","3","Returned"
"270","54","149","2024-02-28","2","Delivered"
"271","42","88","2024-11-12","2","Returned"
"272","47","46","2024-08-11","1","Delivered"
"273","56","302","2024-07-24","3","Delivered"
"274","51","446","2024-06-07","3","Delivered"
"275","29","171","2024-03-27","1","Cancelled"
"276","15","272","2024-09-18","1","Delivered"
"277","45","373","2024-11-26","1","Delivered"
"278","14","75","2024-05-11","1","Delivered"
"279","78","79","2024-12-01","1","Delivered"
"280","64","238","2024-10-15","3","Delivered"
"281","73","330","2024-11-21","3","Delivered"
"282","41","78","2024-08-13","1","Delivered"
"283","57","324","2024-06-04","2","Cancelled"
"284","8","181","2024-09-16","1","Delivered"
"285","60","232","2024-01-20","1","Delivered"
"286","37","40","2024-11-26","1","Cancelled"
"287","77","260","2024-07-15","2","Cancelled"
"288","71","489","2024-01-22","2","Cancelled"
"289","25","165","2024-11-05","2","Cancelled"
"290","20","491","2024-02-01","2","Delivered"
"291","44","366","2024-02-13","3","Returned"
"292","23","21","2024-05-06","3","Delivered"
"293","57","269","2024-09-24","3","Delivered"
"294","47","191","2024-05-24","2","Delivered"
"295","44","348","2024-11-02","1","Returned"
"296","43","34","2024-06-17","1","Cancelled"
"297","50","146","2024-05-09","3","Returned"
"298","78","448","2024-03-17","2","Delivered"
"299","75","340","2024-03-13","2","Delivered"
"300","51","67","2024-10-31","3","Delivered"
"301","40","287","2024-07-11","3","Delivered"
"302","17","344","2024-12-25","3","Returned"
"303","68","48","2024-11-26","3","Delivered"
"304","66","186","2024-01-10","2","Delivered"
"305","24","487","2024-04-19","2","Delivered"
"306","25","116","2024-03-11","1","Delivered"
"307","38","433","2024-02-21","3","Cancelled"
"308","68","20","2024-12-04","2","Cancelled"
"309","17","306","2024-07-11","1","Delivered"
"310","24","426","2024-12-20","3","Delivered"
"311","57","23","2024-07-29","2","Returned"
"312","31","497","2024-08-15","3","Delivered"
"313","58","120","2024-09-30","1","Delivered"
"314","61","463","2024-04-09","2","Returned"
"315","74","226","2024-08-24","2","Delivered"
"316","65","271","2024-08-02","1","Delivered"
"317","78","71","2024-05-08","1","Returned"
"318","62","448","2024-07-09","3","Delivered"
"319","67","436","2024-03-04","2","Delivered"
"320","21","140","2024-08-18","3","Delivered"
"321","56","47","2024-04-23","2","Delivered"
"322","4","213","2024-01-28","2","Cancelled"
"323","48","121","2024-07-16","1","Delivered"
"324","29","15","2024-06-12","1","Returned"
"325","43","406","2024-03-15","1","Delivered"
"326","37","470","2024-08-29","3","Delivered"
"327","61","230","2024-11-11","1","Delivered"
"328","3","132","2024-04-20","1","Cancelled"
"329","78","271","2024-08-04","1","Delivered"
"330","31","155","2024-03-03","1","Delivered"
"331","54","328","2024-11-14","2","Delivered"
"332","15","429","2024-09-12","3","Cancelled"
"333","3","324","2024-09-20","3","Delivered"
"334","19","150","2024-08-07","1","Cancelled"
"335","46","124","2024-10-19","2","Delivered"
"336","11","269","2024-07-03","1","Cancelled"
"337","70","260","2024-09-16","3","Delivered"
"338","50","448","2024-08-28","1","Returned"
"339","50","192","2024-05-09","3","Delivered"
"340","46","404","2024-02-04","2","Delivered"
"341","14","396","2024-10-24","3","Delivered"
"342","18","23","2024-06-29","3","Delivered"
"343","23","426","2024-12-16","2","Returned"
"344","62","324","2024-04-03","1","Delivered"
"345","59","19","2024-05-30","1","Delivered"
"346","26","454","2024-01-22","2","Delivered"
"347","66","204","2024-10-05","2","Delivered"
"348","5","386","2024-11-27","1","Delivered"
"349","46","442","2024-01-25","3","Delivered"
"350","35","64","2024-07-07","2","Delivered"
"351","57","459","2024-07-16","2","Delivered"
"352","64","355","2024-09-11","2","Cancelled"
"353","35","411","2024-02-12","3","Delivered"
"354","11","221","2024-11-04","1","Cancelled"
"355","38","165","2024-02-22","1","Delivered"
"356","38","157","2024-08-16","3","Returned"
"357","55","86","2024-12-19","2","Delivered"
"358","58","22","2024-06-29","3","Delivered"
"359","36","328","2024-01-30","1","Returned"
"360","52","187","2024-09-19","3","Returned"
"361","21","488","2024-01-16","1","Cancelled"
"362","57","18","2024-03-05","1","Delivered"
"363","47","186","2024-07-15","3","Delivered"
"364","78","79","2024-12-13","2","Delivered"
"365","48","228","2024-02-09","3","Delivered"
"366","68","188","2024-07-22","2","Returned"
"367","36","128","2024-02-28","1","Returned"
"368","24","256","2024-09-22","2","Cancelled"
"369","16","135","2024-05-13","3","Delivered"
"370","28","314","2024-05-26","3","Delivered"
"371","26","63","2024-03-10","1","Delivered"
"372","23","461","2024-08-15","1","Returned"
"373","41","342","2024-06-26","3","Delivered"
"374","71","278","2024-05-28","2","Delivered"
"375","23","407","2024-07-04","3","Delivered"
"376","16","103","2024-03-12","1","Delivered"
"377","4","185","2024-10-10","3","Delivered"
"378","60","412","2024-10-09","1","Cancelled"
"379","12","34","2024-06-07","2","Returned"
"380","62","270","2024-07-29","2","Cancelled"
"381","10","65","2024-06-11","3","Delivered"
"382","58","239","2024-12-14","3","Delivered"
"383","17","450","2024-10-09","3","Cancelled"
"384","24","394","2024-03-07","2","Cancelled"
"385","8","426","2024-03-04","3","Delivered"
"386","39","85","2024-03-23","2","Returned"
"387","29","178","2024-09-22","2","Delivered"
"388","33","101","2024-11-21","3","Delivered"
"389","17","321","2024-06-04","3","Cancelled"
"390","12","258","2024-11-24","1","Cancelled"
"391","75","79","2024-03-28","3","Cancelled"
"392","78","173","2024-10-15","1","Delivered"
"393","11","24","2024-11-24","3","Delivered"
"394","27","393","2024-10-19","2","Cancelled"
"395","4","255","2024-11-17","3","Delivered"
"396","39","248","2024-05-05","3","Delivered"
"397","39","233","2024-02-07","3","Delivered"
"398","21","226","2024-07-31","2","Delivered"
"399","27","175","2024-11-06","1","Delivered"
"400","41","376","2024-06-25","2","Delivered"
"401","48","264","2024-10-14","1","Delivered"
"402","31","239","2024-03-03","2","Delivered"
"403","32","73","2024-02-19","1","Delivered"
"404","50","443","2024-11-11","2","Delivered"
"405","21","417","2024-06-16","3","Returned"
"406","41","98","2024-03-22","2","Cancelled"
"407","60","256","2024-06-06","2","Delivered"
"408","12","484","2024-07-20","3","Delivered"
"409","31","111","2024-10-25","2","Delivered"
"410","7","145","2024-09-10","3","Returned"
"411","61","147","2024-10-01","1","Delivered"
"412","56","69","2024-05-15","3","Delivered"
"413","52","188","2024-01-24","2","Delivered"
"414","73","288","2024-04-09","2","Cancelled"
"415","37","38","2024-07-16","3","Delivered"
"416","71","144","2024-11-15","3","Cancelled"
"417","16","66","2024-02-19","2","Delivered"
"418","44","286","2024-07-06","1","Delivered"
"419","78","261","2024-07-24","3","Delivered"
"420","6","20","2024-03-11","3","Delivered"
"421","61","266","2024-08-21","1","Cancelled"
"422","66","72","2024-06-16","3","Delivered"
"423","21","202","2024-11-11","3","Delivered"
"424","76","173","2024-09-16","3","Cancelled"
"425","63","363","2024-10-15","2","Delivered"
"426","3","189","2024-06-18","3","Delivered"
"427","54","299","2024-06-06","3","Returned"
"428","4","306","2024-08-30","2","Returned"
"429","75","296","2024-04-26","3","Delivered"
"430","75","246","2024-03-28","3","Returned"
"431","80","397","2024-07-13","1","Returned"
"432","32","17","2024-10-20","3","Delivered"
"433","25","10","2024-08-13","2","Delivered"
"434","20","212","2024-12-19","1","Delivered"
"435","65","397","2024-11-09","2","Returned"
"436","8","362","2024-03-11","3","Delivered"
"437","72","167","2024-12-05","2","Cancelled"
"438","49","161","2024-03-29","2","Cancelled"
"439","44","280","2024-06-30","3","Returned"
"440","34","313","2024-09-04","1","Delivered"
"441","36","286","2024-06-01","1","Delivered"
"442","37","361","2024-04-16","3","Returned"
"443","63","163","2024-09-02","2","Cancelled"
"444","36","148","2024-03-03","3","Returned"
"445","70","195","2024-07-21","2","Delivered"
"446","38","22","2024-05-27","3","Delivered"
"447","45","474","2024-08-14","3","Delivered"
"448","62","110","2024-04-13","3","Delivered"
"449","72","357","2024-05-19","1","Delivered"
"450","79","380","2024-10-27","1","Delivered"
"451","7","343","2024-09-28","1","Returned"
"452","30","27","2024-02-21","2","Delivered"
"453","61","52","2024-12-14","1","Delivered"
"454","71","476","2024-03-21","2","Returned"
"455","61","245","2024-11-29","1","Delivered"
"456","42","147","2024-11-26","1","Delivered"
"457","74","119","2024-09-30","3","Returned"
"458","5","468","2024-03-30","2","Delivered"
"459","5","429","2024-07-22","2","Delivered"
"460","38","449","2024-01-20","1","Delivered"
"461","73","309","2024-02-24","2","Delivered"
"462","59","329","2024-10-05","3","Delivered"
"463","18","436","2024-09-15","2","Delivered"
"464","25","415","2024-02-27","2","Delivered"
"465","59","332","2024-05-11","3","Delivered"
"466","2","378","2024-06-21","2","Cancelled"
"467","25","90","2024-11-08","3","Delivered"
"468","55","264","2024-06-16","1","Delivered"
"469","13","95","2024-03-12","2","Delivered"
"470","32","4","2024-05-13","2","Delivered"
"471","58","386","2024-05-16","2","Delivered"
"472","75","371","2024-10-20","1","Delivered"
"473","47","355","2024-04-30","1","Returned"
"474","16","239","2024-06-06","1","Delivered"
"475","65","473","2024-12-26","2","Returned"
"476","16","328","2024-05-31","2","Cancelled"
"477","29","113","2024-03-09","2","Delivered"
"478","59","383","2024-11-06","2","Delivered"
"479","71","468","2024-08-29","3","Returned"
"480","28","391","2024-05-06","3","Cancelled"
"481","11","270","2024-08-16","3","Returned"
"482","47","40","2024-10-15","1","Delivered"
"483","71","463","2024-09-15","1","Cancelled"
"484","69","77","2024-03-25","2","Cancelled"
"485","57","60","2024-12-14","1","Returned"
"486","75","251","2024-02-16","3","Delivered"
"487","8","233","2024-03-08","3","Delivered"
"488","59","289","2024-01-30","3","Delivered"
"489","40","371","2024-01-12","2","Delivered"
"490","1","382","2024-04-21","3","Delivered"
"491","6","217","2024-06-25","3","Delivered"
"492","70","31","2024-02-05","2","Delivered"
"493","37","210","2024-04-02","1","Returned"
"494","54","192","2024-07-14","2","Delivered"
"495","49","42","2024-12-15","3","Cancelled"
"496","18","335","2024-06-27","1","Delivered"
"497","69","202","2024-09-27","1","Returned"
"498","29","428","2024-01-02","1","Delivered"
"499","60","345","2024-10-05","2","Cancelled"
"500","49","422","2024-04-27","1","Delivered"
"501","45","80","2024-05-21","1","Returned"
"502","15","17","2024-12-04","2","Cancelled"
"503","3","124","2024-04-15","1","Delivered"
"504","77","18","2024-08-16","3","Returned"
"505","7","126","2024-01-23","2","Delivered"
"506","30","277","2024-04-21","1","Delivered"
"507","65","149","2024-04-29","3","Cancelled"
"508","41","296","2024-11-02","3","Delivered"
"509","31","155","2024-03-14","3","Cancelled"
"510","29","212","2024-06-02","2","Delivered"
"511","72","486","2024-10-29","3","Delivered"
"512","55","285","2024-09-10","1","Delivered"
"513","49","403","2024-09-25","2","Returned"
"514","54","210","2024-03-17","2","Delivered"
"515","24","387","2024-10-02","2","Delivered"
"516","29","154","2024-12-28","1","Delivered"
"517","8","288","2024-07-30","2","Cancelled"
"518","68","69","2024-07-17","1","Delivered"
"519","27","170","2024-11-27","1","Delivered"
"520","48","48","2024-10-01","3","Delivered"
"521","7","138","2024-07-12","3","Cancelled"
"522","78","21","2024-02-07","1","Cancelled"
"523","72","112","2024-09-02","1","Delivered"
"524","39","490","2024-01-08","1","Delivered"
"525","16","383","2024-09-02","1","Returned"
"526","78","361","2024-04-14","2","Delivered"
"527","71","165","2024-05-24","2","Delivered"
"528","69","333","2024-07-02","2","Delivered"
"529","47","263","2024-09-11","2","Delivered"
"530","61","390","2024-06-12","1","Delivered"
"531","41","212","2024-01-24","3","Delivered"
"532","19","9","2024-05-13","3","Cancelled"
"533","75","369","2024-08-01","2","Delivered"
"534","26","169","2024-04-27","2","Cancelled"
"535","32","256","2024-10-08","3","Returned"
"536","44","132","2024-09-07","3","Returned"
"537","63","236","2024-03-27","3","Delivered"
"538","22","72","2024-10-06","2","Delivered"
"539","70","329","2024-01-31","3","Delivered"
"540","10","484","2024-12-08","1","Delivered"
"541","53","71","2024-11-18","1","Delivered"
"542","20","5","2024-04-21","3","Delivered"
"543","48","31","2024-11-12","3","Returned"
"544","79","468","2024-09-04","3","Delivered"
"545","3","4","2024-09-29","3","Delivered"
"546","2","9","2024-09-28","3","Delivered"
"547","69","147","2024-01-09","3","Returned"
"548","56","413","2024-04-01","1","Delivered"
"549","68","77","2024-05-03","1","Cancelled"
"550","68","130","2024-06-30","2","Delivered"
"551","11","192","2024-07-26","2","Cancelled"
"552","32","357","2024-04-25","2","Returned"
"553","11","335","2024-11-28","1","Delivered"
"554","52","195","2024-07-12","3","Delivered"
"555","8","327","2024-01-05","3","Delivered"
"556","11","256","2024-08-10","3","Delivered"
"557","73","440","2024-02-18","3","Delivered"
"558","30","109","2024-12-20","3","Delivered"
"559","35","24","2024-02-08","3","Delivered"
"560","70","289","2024-12-02","1","Delivered"
"561","41","9","2024-04-16","3","Delivered"
"562","51","476","2024-02-09","2","Delivered"
"563","73","124","2024-10-17","2","Returned"
"564","70","170","2024-07-15","3","Delivered"
"565","11","257","2024-06-26","1","Delivered"
"566","56","119","2024-02-08","2","Cancelled"
"567","79","489","2024-10-31","2","Delivered"
"568","4","325","2024-05-19","2","Delivered"
"569","30","183","2024-10-10","2","Delivered"
"570","24","349","2024-10-26","3","Delivered"
"571","11","396","2024-11-12","2","Delivered"
"572","10","43","2024-05-17","1","Delivered"
"573","20","379","2024-07-18","2","Delivered"
"574","14","47","2024-01-03","2","Delivered"
"575","47","390","2024-05-18","1","Delivered"
"576","12","96","2024-08-08","2","Cancelled"
"577","72","263","2024-07-27","1","Delivered"
"578","12","182","2024-10-10","1","Cancelled"
"579","77","402","2024-06-15","2","Delivered"
"580","38","212","2024-07-17","1","Returned"
"581","72","464","2024-05-04","3","Cancelled"
"582","22","351","2024-07-13","1","Delivered"
"583","35","155","2024-05-17","2","Delivered"
"584","9","86","2024-08-10","2","Delivered"
"585","39","248","2024-02-09","2","Delivered"
"586","32","370","2024-11-16","2","Cancelled"
"587","79","101","2024-08-22","1","Delivered"
"588","39","4","2024-07-21","2","Cancelled"
"589","49","412","2024-06-17","2","Delivered"
"590","56","418","2024-11-29","3","Delivered"
"591","39","165","2024-11-04","3","Delivered"
"592","62","161","2024-03-31","2","Delivered"
"593","38","377","2024-12-21","3","Delivered"
"594","74","401","2024-05-04","2","Delivered"
"595","36","419","2024-07-20","2","Delivered"
"596","73","103","2024-10-30","3","Delivered"
"597","71","14","2024-08-24","3","Delivered"
"598","57","409","2024-05-29","3","Delivered"
"599","53","345","2024-09-12","1","Returned"
"600","39","124","2024-05-09","3","Delivered"
"601","55","405","2024-07-12","1","Delivered"
"602","77","246","2024-10-25","2","Cancelled"
"603","65","473","2024-12-20","2","Cancelled"
"604","5","405","2024-07-03","3","Cancelled"
"605","77","327","2024-02-13","1","Delivered"
"606","46","86","2024-11-27","3","Delivered"
"607","73","331","2024-12-12","3","Delivered"
"608","43","495","2024-08-08","1","Delivered"
"609","13","133","2024-04-23","3","Returned"
"610","67","286","2024-10-24","3","Cancelled"
"611","29","229","2024-07-10","2","Delivered"
"612","76","354","2024-09-13","1","Delivered"
"613","4","248","2024-02-23","2","Delivered"
"614","11","60","2024-03-13","2","Delivered"
"615","44","234","2024-04-15","3","Delivered"
"616","45","244","2024-02-19","2","Returned"
"617","58","164","2024-02-04","2","Delivered"
"618","15","12","2024-06-24","3","Delivered"
"619","22","477","2024-05-04","3","Delivered"
"620","71","82","2024-06-18","3","Delivered"
"621","60","119","2024-07-26","3","Delivered"
"622","24","328","2024-12-02","2","Delivered"
"623","4","378","2024-11-10","1","Delivered"
"624","76","220","2024-07-18","1","Returned"
"625","28","106","2024-05-22","3","Delivered"
"626","74","53","2024-10-01","1","Delivered"
"627","42","101","2024-08-22","1","Delivered"
"628","63","271","2024-11-23","2","Cancelled"
"629","50","313","2024-07-19","3","Delivered"
"630","45","181","2024-08-22","3","Delivered"
"631","39","471","2024-11-10","3","Delivered"
"632","18","161","2024-03-01","1","Delivered"
"633","15","94","2024-07-10","3","Delivered"
"634","66","199","2024-08-02","3","Delivered"
"635","74","197","2024-08-04","1","Delivered"
"636","69","356","2024-11-26","1","Cancelled"
"637","22","251","2024-05-27","1","Delivered"
"638","41","432","2024-08-18","3","Delivered"
"639","46","488","2024-01-05","2","Delivered"
"640","25","418","2024-07-15","3","Cancelled"
"641","64","210","2024-12-16","2","Delivered"
"642","57","251","2024-03-26","1","Cancelled"
"643","4","408","2024-04-22","2","Delivered"
"644","36","116","2024-10-02","2","Delivered"
"645","59","290","2024-09-10","3","Cancelled"
"646","15","294","2024-02-28","2","Cancelled"
"647","47","278","2024-01-22","3","Delivered"
"648","70","112","2024-08-05","1","Returned"
"649","32","153","2024-01-17","2","Delivered"
"650","45","442","2024-02-14","2","Delivered"
"651","31","108","2024-10-28","3","Delivered"
"652","79","324","2024-08-07","1","Cancelled"
"653","18","402","2024-04-15","1","Delivered"
"654","73","180","2024-09-29","2","Cancelled"
"655","69","87","2024-06-14","3","Delivered"
"656","38","294","2024-05-16","3","Returned"
"657","13","70","2024-07-29","1","Delivered"
"658","17","360","2024-03-08","1","Delivered"
"659","42","425","2024-05-06","3","Delivered"
"660","63","73","2024-10-22","3","Delivered"
"661","54","193","2024-08-19","1","Returned"
"662","12","207","2024-09-20","3","Delivered"
"663","48","233","2024-09-06","2","Cancelled"
"664","1","445","2024-02-17","3","Delivered"
"665","46","436","2024-02-02","3","Delivered"
"666","28","496","2024-08-07","1","Delivered"
"667","35","166","2024-05-25","2","Cancelled"
"668","74","67","2024-10-16","2","Delivered"
"669","7","24","2024-02-20","3","Delivered"
"670","3","64","2024-03-21","2","Delivered"
"671","1","491","2024-08-07","1","Returned"
"672","17","452","2024-11-28","2","Delivered"
"673","36","48","2024-12-01","2","Delivered"
"674","11","191","2024-12-06","3","Delivered"
"675","7","203","2024-11-16","2","Returned"
"676","30","220","2024-12-01","1","Returned"
"677","13","1","2024-04-19","2","Delivered"
"678","17","304","2024-04-25","3","Returned"
"679","57","5","2024-01-05","3","Delivered"
"680","16","441","2024-08-04","3","Delivered"
"681","62","37","2024-04-27","2","Delivered"
"682","14","53","2024-06-09","2","Delivered"
"683","18","196","2024-03-09","3","Returned"
"684","19","36","2024-09-28","3","Delivered"
"685","79","333","2024-03-25","2","Delivered"
"686","28","322","2024-03-18","2","Cancelled"
"687","57","441","2024-04-21","1","Delivered"
"688","18","386","2024-03-04","3","Returned"
"689","50","180","2024-08-07","2","Delivered"
"690","32","142","2024-11-26","1","Delivered"
"691","71","308","2024-11-03","3","Cancelled"
"692","37","399","2024-12-19","1","Returned"
"693","39","106","2024-09-22","3","Cancelled"
"694","25","383","2024-07-19","2","Returned"
"695","7","402","2024-05-02","2","Delivered"
"696","15","124","2024-09-12","3","Cancelled"
"697","10","271","2024-01-07","2","Delivered"
"698","17","199","2024-10-18","2","Delivered"
"699","70","350","2024-03-29","2","Delivered"
"700","3","301","2024-02-04","1","Delivered"
"701","28","21","2024-01-31","2","Cancelled"
"702","37","322","2024-12-30","3","Delivered"
"703","55","360","2024-07-24","1","Returned"
"704","69","276","2024-11-11","1","Delivered"
"705","11","159","2024-02-10","3","Delivered"
"706","20","275","2024-06-16","2","Cancelled"
"707","9","159","2024-12-23","2","Returned"
"708","31","30","2024-05-05","1","Delivered"
"709","15","233","2024-11-09","3","Delivered"
"710","40","342","2024-12-02","3","Delivered"
"711","16","7","2024-12-28","1","Returned"
"712","2","84","2024-09-11","2","Cancelled"
"713","67","401","2024-05-12","1","Delivered"
"714","17","384","2024-05-17","3","Delivered"
"715","4","172","2024-08-07","2","Cancelled"
"716","9","135","2024-12-30","3","Returned"
"717","10","255","2024-08-21","3","Delivered"
"718","8","256","2024-10-17","1","Delivered"
"719","21","131","2024-02-22","3","Returned"
"720","15","117","2024-09-17","1","Delivered"
"721","2","126","2024-01-24","2","Delivered"
"722","50","472","2024-03-17","1","Delivered"
"723","71","412","2024-12-01","2","Delivered"
"724","42","128","2024-08-01","3","Delivered"
"725","35","423","2024-02-09","3","Delivered"
"726","16","258","2024-12-10","1","Delivered"
"727","29","412","2024-09-21","1","Delivered"
"728","9","450","2024-08-26","2","Delivered"
"729","42","45","2024-10-10","2","Delivered"
"730","48","103","2024-05-29","3","Delivered"
"731","80","125","2024-08-25","2","Cancelled"
"732","64","396","2024-04-10","3","Cancelled"
"733","32","78","2024-01-04","2","Delivered"
"734","30","278","2024-06-26","3","Returned"
"735","2","487","2024-06-20","1","Returned"
"736","49","435","2024-06-06","1","Delivered"
"737","68","122","2024-08-02","2","Delivered"
"738","19","365","2024-05-23","1","Delivered"
"739","30","460","2024-09-23","2","Returned"
"740","48","235","2024-02-13","3","Delivered"
"741","65","69","2024-11-22","2","Delivered"
"742","76","291","2024-02-01","2","Returned"
"743","17","122","2024-05-29","2","Delivered"
"744","51","359","2024-06-16","2","Delivered"
"745","35","120","2024-02-08","1","Delivered"
"746","75","56","2024-03-20","1","Delivered"
"747","58","239","2024-06-09","2","Delivered"
"748","69","184","2024-04-16","2","Delivered"
"749","60","136","2024-03-02","1","Delivered"
"750","39","424","2024-12-26","3","Cancelled"
"751","6","111","2024-06-16","1","Delivered"
"752","32","496","2024-07-01","2","Cancelled"
"753","7","347","2024-06-02","2","Delivered"
"754","4","488","2024-07-26","2","Cancelled"
"755","71","128","2024-02-18","2","Delivered"
"756","18","63","2024-01-07","1","Delivered"
"757","17","102","2024-07-24","2","Returned"
"758","11","299","2024-10-27","2","Delivered"
"759","3","34","2024-04-11","3","Delivered"
"760","17","48","2024-06-18","1","Delivered"
"761","60","26","2024-03-27","3","Delivered"
"762","51","255","2024-01-16","2","Returned"
"763","55","89","2024-06-30","1","Delivered"
"764","36","144","2024-08-16","1","Delivered"
"765","79","318","2024-11-11","1","Returned"
"766","38","256","2024-07-29","3","Delivered"
"767","8","45","2024-05-23","2","Delivered"
"768","54","103","2024-11-25","3","Delivered"
"769","70","407","2024-01-10","2","Returned"
"770","46","246","2024-10-05","2","Delivered"
"771","73","258","2024-06-13","2","Delivered"
"772","24","14","2024-06-12","3","Delivered"
"773","4","459","2024-05-23","1","Delivered"
"774","68","184","2024-10-26","1","Delivered"
"775","13","127","2024-12-02","1","Delivered"
"776","69","418","2024-01-29","1","Cancelled"
"777","50","182","2024-03-29","1","Delivered"
"778","76","163","2024-12-23","2","Cancelled"
"779","4","361","2024-12-24","2","Cancelled"
"780","73","73","2024-10-15","1","Delivered"
"781","70","159","2024-03-30","2","Delivered"
"782","12","29","2024-04-29","3","Delivered"
"783","3","270","2024-09-01","1","Delivered"
"784","79","104","2024-03-07","2","Returned"
"785","23","471","2024-06-14","1","Delivered"
"786","19","301","2024-12-26","1","Delivered"
"787","68","441","2024-07-05","1","Delivered"
"788","51","301","2024-02-21","2","Delivered"
"789","42","70","2024-03-21","3","Delivered"
"790","63","333","2024-06-11","1","Returned"
"791","72","356","2024-11-10","2","Delivered"
"792","76","418","2024-03-30","2","Delivered"
"793","38","66","2024-03-31","3","Delivered"
"794","74","201","2024-10-17","1","Delivered"
"795","78","163","2024-11-09","1","Returned"
"796","73","54","2024-09-11","1","Delivered"
"797","10","122","2024-06-26","2","Delivered"
"798","12","421","2024-12-28","3","Returned"
"799","43","229","2024-01-06","2","Delivered"
"800","32","355","2024-02-04","2","Delivered"
